{
  "xlpe": {
    "mape": 8.180766238140775,
    "rmse": 164.89342645583702
  },
  "pvc": {
    "mape": 3.3238964234918393,
    "rmse": 76.99178978427844
  },
  "lsf": {
    "mape": 9.87149665542486,
    "rmse": 36.380166968239024
  }
}